Nama,Umur,Gaji,Status_Menikah
Dapala,-0.4472135954999579,-0.6509445549041194,-1.0
Rina,1.3416407864998738,1.4320780207890627,1.0
Budi,-1.3416407864998738,-1.171700198827415,-1.0
Sari,0.4472135954999579,0.39056673294247163,1.0
